Year,HourlyVolatility,SettlementPoint
2016,0.5296607651481426,HB_WEST
2017,0.5281841869099935,HB_WEST
2018,0.7085183170935415,HB_WEST
2019,1.070196957985806,HB_PAN
